model,n_trainable_params,config_json,sensitivity,specificity,ppv,npv,pr_auc,roc_auc,balanced_accuracy,f1,mcc,kappa,brier,ece,accuracy,threshold,n,n_pos,tn,fp,fn,tp,rep,fold,n_train,fit_seconds
logreg,,"{""feature_set"": ""cardio_compact8"", ""folds"": 2, ""repeats"": 1, ""seed"": 20260830, ""source"": ""cardio_70000""}",0.6745568896512293,0.7674033464679344,0.743368407787789,0.7024568740198641,0.7664671545762624,0.7822831170501044,0.7209801180595818,0.7072929468541111,0.4438885522466231,0.4419847686692174,0.19097852858544936,0.032996347127999814,0.7210079712008228,0.49832866645595497,35001,17490,13438,4073,5692,11798,0,0,34999,2.11256929999945
logreg,,"{""feature_set"": ""cardio_compact8"", ""folds"": 2, ""repeats"": 1, ""seed"": 20260830, ""source"": ""cardio_70000""}",0.6965521184744696,0.7523129640205597,0.7374538410315394,0.7128246753246753,0.7705371883354012,0.786022432179692,0.7244325412475147,0.7164196659609504,0.44957124395358267,0.4488800118201749,0.18965382345916976,0.03540889280818145,0.7244492699791423,0.4788176686949348,34999,17489,13173,4337,5307,12182,0,1,35001,5.4832911000048625
logreg,,"{""feature_set"": ""cardio_compact8"", ""folds"": 2, ""repeats"": 1, ""seed"": 20260830, ""source"": ""cardio_70000""}",0.6745568896512293,0.7674033464679344,0.743368407787789,0.7024568740198641,0.7664671545762624,0.7822831170501044,0.7209801180595818,0.7072929468541111,0.4438885522466231,0.4419847686692174,0.19097852858544936,0.032996347127999814,0.7210079712008228,0.49832866645595497,35001,17490,13438,4073,5692,11798,0,0,34999,2.8711084999958985
logreg,,"{""feature_set"": ""cardio_compact8"", ""folds"": 2, ""repeats"": 1, ""seed"": 20260830, ""source"": ""cardio_70000""}",0.6965521184744696,0.7523129640205597,0.7374538410315394,0.7128246753246753,0.7705371883354012,0.786022432179692,0.7244325412475147,0.7164196659609504,0.44957124395358267,0.4488800118201749,0.18965382345916976,0.03540889280818145,0.7244492699791423,0.4788176686949348,34999,17489,13173,4337,5307,12182,0,1,35001,1.6092426000031992
svm_rbf,,"{""feature_set"": ""cardio_compact8"", ""folds"": 2, ""repeats"": 1, ""seed"": 20260830, ""source"": ""cardio_70000""}",0.7085191538021727,0.7410770372908457,0.7321280869667967,0.7179529737206086,0.774466630021152,0.7885922118577495,0.7247980955465092,0.7201301720130171,0.44983856056163424,0.4496048846732491,0.18676868853670872,0.014620132398789613,0.7248078626324962,0.5009349092463125,35001,17490,12977,4534,5098,12392,0,0,34999,6.394215399996028
svm_rbf,,"{""feature_set"": ""cardio_compact8"", ""folds"": 2, ""repeats"": 1, ""seed"": 20260830, ""source"": ""cardio_70000""}",0.7093029904511408,0.7422615648201027,0.733242700082752,0.7188208616780045,0.7764139098043482,0.791561513137131,0.7257822776356218,0.7210742000174384,0.45181398962496766,0.4515733962965103,0.18562796422417732,0.011216324093503462,0.7257921654904426,0.4871807150063639,34999,17489,12997,4513,5084,12405,0,1,35001,8.331806099988171
rf,,"{""feature_set"": ""cardio_compact8"", ""folds"": 2, ""repeats"": 1, ""seed"": 20260830, ""source"": ""cardio_70000""}",0.7235563178959405,0.651419107989264,0.6746095207633669,0.7023149858391824,0.7327751973814655,0.7484019584977689,0.6874877129426022,0.6982261579629783,0.3759487031362942,0.37495911287617156,0.21082751269972724,0.07849594858514244,0.6874660723979314,0.4570119047619048,35001,17490,11407,6104,4835,12655,0,0,34999,12.898700899997493
rf,,"{""feature_set"": ""cardio_compact8"", ""folds"": 2, ""repeats"": 1, ""seed"": 20260830, ""source"": ""cardio_70000""}",0.7015838527074161,0.6728726442033124,0.6817424158239804,0.6930180577613082,0.7355217138326176,0.7487890030182633,0.6872282484553642,0.6915208386169583,0.3746084544152104,0.3744499618481863,0.21012640816680875,0.07479198342741761,0.6872196348467099,0.47352380952380974,34999,17489,11782,5728,5219,12270,0,1,35001,14.859471200004919
xgboost,,"{""feature_set"": ""cardio_compact8"", ""folds"": 2, ""repeats"": 1, ""seed"": 20260830, ""source"": ""cardio_70000""}",0.7021154945683248,0.7475872308834447,0.7353293413173653,0.7153161029451942,0.7757353779602187,0.7910507644969972,0.7248513627258848,0.7183386955250072,0.4501738380862403,0.4497149056095788,0.18539098544508623,0.004013447587843085,0.7248650038570327,0.49374866485595703,35001,17490,13091,4420,5210,12280,0,0,34999,5.2164028999977745
xgboost,,"{""feature_set"": ""cardio_compact8"", ""folds"": 2, ""repeats"": 1, ""seed"": 20260830, ""source"": ""cardio_70000""}",0.7270284178626565,0.7258138206739007,0.7259077414934917,0.7269347366012698,0.7787205080685022,0.7939257176551442,0.7264211192682786,0.7264676474789317,0.4528423583156435,0.4528418193103096,0.18425525783230265,0.005678579427840245,0.7264207548787108,0.4540407955646515,34999,17489,12709,4801,4774,12715,0,1,35001,5.208454799998435
mlp,,"{""feature_set"": ""cardio_compact8"", ""folds"": 2, ""repeats"": 1, ""seed"": 20260830, ""source"": ""cardio_70000""}",0.6812464265294454,0.7646622123236823,0.7430157146420554,0.706037437384656,0.7716863302535072,0.7888717976144963,0.7229543194265639,0.7107916244109049,0.44747813331260944,0.4459308678816898,0.1866677072019592,0.014689533582861548,0.7229793434473301,0.510631120452036,35001,17490,13390,4121,5575,11915,0,0,34999,10.251969600009033
mlp,,"{""feature_set"": ""cardio_compact8"", ""folds"": 2, ""repeats"": 1, ""seed"": 20260830, ""source"": ""cardio_70000""}",0.6911201326548116,0.7614505996573386,0.743175110673881,0.7116626634641047,0.7786166358412552,0.7929137508935615,0.7262853661560751,0.7162030041774065,0.4537028372457643,0.4525897421744275,0.18502614873554446,0.013390111543035044,0.7263064658990257,0.5255005361410322,34999,17489,13333,4177,5402,12087,0,1,35001,5.176093100002618
logreg,,"{""feature_set"": ""cardio_compact8"", ""folds"": 5, ""repeats"": 5, ""seed"": 20260830, ""source"": ""cardio_70000""}",0.6958261863922242,0.7596002855103497,0.742979242979243,0.7143240703450128,0.7778208794185386,0.7907979842871362,0.727713235951287,0.7186300560968408,0.4563639277776269,0.4554450402614168,0.18749714969032671,0.03796689704603556,0.727733733304764,0.48282091275131667,14001,6996,5321,1684,2128,4868,0,0,55999,5.5785215000069
logreg,,"{""feature_set"": ""cardio_compact8"", ""folds"": 5, ""repeats"": 5, ""seed"": 20260830, ""source"": ""cardio_70000""}",0.7024013722126929,0.7437178754997145,0.732448949172753,0.7144424633109313,0.7674336227756344,0.7813716939172878,0.7230596238562037,0.7171105435972273,0.446505163179953,0.4461296998973609,0.19126687656527502,0.03409771142094775,0.7230714285714286,0.4802936054059656,14000,6996,5209,1795,2082,4914,0,1,56000,5.684816300010425
logreg,,"{""feature_set"": ""cardio_compact8"", ""folds"": 5, ""repeats"": 5, ""seed"": 20260830, ""source"": ""cardio_70000""}",0.6951114922813036,0.7542832667047401,0.7386087484811664,0.712378640776699,0.7700984200079645,0.7871286141644455,0.7246973794930218,0.7162002945508099,0.45019036984511734,0.4494098738373483,0.18949244105307955,0.03855394441524688,0.7247142857142858,0.4824838019536453,14000,6996,5283,1721,2133,4863,0,2,56000,4.950115800005733
logreg,,"{""feature_set"": ""cardio_compact8"", ""folds"": 5, ""repeats"": 5, ""seed"": 20260830, ""source"": ""cardio_70000""}",0.6916809605488851,0.7477155910908052,0.7325158946412352,0.7082769813362185,0.7672184656554788,0.7811950612065506,0.7196982758198451,0.7115130127922364,0.44009416002923163,0.43941054104107513,0.19135066991773855,0.03476477031110229,0.7197142857142858,0.4834994516609946,14000,6996,5237,1767,2157,4839,0,3,56000,5.8481596000056015
logreg,,"{""feature_set"": ""cardio_compact8"", ""folds"": 5, ""repeats"": 5, ""seed"": 20260830, ""source"": ""cardio_70000""}",0.6846318799142245,0.7528555111364934,0.7345092024539878,0.7050407808530552,0.7603808814933946,0.7805798912415616,0.718743695525359,0.708694043655198,0.4385174744903387,0.4375064788893965,0.19189313196742266,0.03330950387535819,0.7187656261161511,0.4856583180543514,13999,6995,5273,1731,2206,4789,0,4,56001,5.020282799989218
logreg,,"{""feature_set"": ""cardio_compact8"", ""folds"": 5, ""repeats"": 5, ""seed"": 20260830, ""source"": ""cardio_70000""}",0.6948256146369354,0.7500356887937187,0.735178463399879,0.7110569765868182,0.7668941734156813,0.7829188821673974,0.722430651715327,0.7144326866549089,0.44554784195351416,0.44487698991936636,0.190858786779838,0.03127378684608619,0.7224483965431041,0.4804454044074687,14001,6996,5254,1751,2135,4861,1,0,55999,5.407561899992288
logreg,,"{""feature_set"": ""cardio_compact8"", ""folds"": 5, ""repeats"": 5, ""seed"": 20260830, ""source"": ""cardio_70000""}",0.6995425957690109,0.7411479154768703,0.7296854033099747,0.7117784176607707,0.7720634641432769,0.7845264092331132,0.7203452556229406,0.7142961395314895,0.44107699663455346,0.44070090819315094,0.18991240180242253,0.03625796811203961,0.7203571428571428,0.47937059216955064,14000,6996,5191,1813,2102,4894,1,1,56000,5.024469500000123
logreg,,"{""feature_set"": ""cardio_compact8"", ""folds"": 5, ""repeats"": 5, ""seed"": 20260830, ""source"": ""cardio_70000""}",0.6895368782161235,0.7541404911479155,0.7369385884509624,0.7086128253286826,0.7647370933096851,0.7818332859047464,0.7218386846820195,0.7124501550731059,0.44461340418635753,0.44369366832044227,0.19141965201830213,0.03748058047518343,0.7218571428571429,0.48321139759353837,14000,6996,5282,1722,2172,4824,1,2,56000,4.8735175000038
logreg,,"{""feature_set"": ""cardio_compact8"", ""folds"": 5, ""repeats"": 5, ""seed"": 20260830, ""source"": ""cardio_70000""}",0.7095483133218983,0.7481439177612793,0.7378121284185494,0.7205720572057206,0.7740176802346938,0.7899078293576586,0.7288461155415888,0.723404255319149,0.45803807768745325,0.4577022444906532,0.1881951659635958,0.039111211556413936,0.7288571428571429,0.47883092795242904,14000,6996,5240,1764,2032,4964,1,3,56000,4.984470700001111
logreg,,"{""feature_set"": ""cardio_compact8"", ""folds"": 5, ""repeats"": 5, ""seed"": 20260830, ""source"": ""cardio_70000""}",0.6963545389563974,0.7441462021701885,0.7310520786432538,0.7104689203925845,0.7656060617381191,0.7821126312381896,0.720250370563293,0.7132815932054473,0.4410105750412765,0.4405141742383563,0.1909836904522475,0.032301018134995294,0.7202657332666619,0.4796204271500685,13999,6995,5212,1792,2124,4871,1,4,56001,6.099593599996297
logreg,,"{""feature_set"": ""cardio_compact8"", ""folds"": 5, ""repeats"": 5, ""seed"": 20260830, ""source"": ""cardio_70000""}",0.6951114922813036,0.7361884368308351,0.7246312025033527,0.7074074074074074,0.7630217601092115,0.7778764882063739,0.7156499645560694,0.7095644561173123,0.4316691115058128,0.43131121641519327,0.19290105819387834,0.032045516685574135,0.7156631669166488,0.4757965903647279,14001,6996,5157,1848,2133,4863,2,0,55999,6.842979399996693
logreg,,"{""feature_set"": ""cardio_compact8"", ""folds"": 5, ""repeats"": 5, ""seed"": 20260830, ""source"": ""cardio_70000""}",0.6838193253287593,0.7609937178754997,0.7407866212449675,0.7067090957305755,0.7728019223667755,0.7830939291735279,0.7224065216021296,0.7111639661067342,0.44615236376014306,0.4448325795312739,0.1905630778126795,0.03396065175910269,0.7224285714285714,0.4861165379383968,14000,6996,5330,1674,2212,4784,2,1,56000,6.106979499993031
logreg,,"{""feature_set"": ""cardio_compact8"", ""folds"": 5, ""repeats"": 5, ""seed"": 20260830, ""source"": ""cardio_70000""}",0.7056889651229273,0.7450028555111365,0.7343447865536219,0.7170537309330768,0.7750655462997068,0.7901779416907565,0.7253459103170319,0.7197317588745535,0.45104503065392215,0.4507018648503317,0.1877456401322143,0.0360559127550126,0.7253571428571428,0.48587032591989726,14000,6996,5218,1786,2059,4937,2,2,56000,6.155205500006559
logreg,,"{""feature_set"": ""cardio_compact8"", ""folds"": 5, ""repeats"": 5, ""seed"": 20260830, ""source"": ""cardio_70000""}",0.706403659233848,0.7472872644203312,0.7362932061978545,0.7181668496158068,0.7665211198724675,0.7871728692809369,0.7268454618270896,0.7210388094543332,0.45407532688534163,0.4537014421237006,0.18952026481771647,0.03904312889712766,0.7268571428571429,0.4746011373829872,14000,6996,5234,1770,2054,4942,2,3,56000,6.124737699996331
logreg,,"{""feature_set"": ""cardio_compact8"", ""folds"": 5, ""repeats"": 5, ""seed"": 20260830, ""source"": ""cardio_70000""}",0.6952108649035025,0.7485722444317533,0.7341485507246377,0.7109152542372882,0.7658601932868079,0.7826271845476638,0.7218915546676279,0.7141493501725531,0.44442299582557976,0.4437982323416314,0.190767382400704,0.035188152149503105,0.7219087077648404,0.481685274381262,13999,6995,5243,1761,2132,4863,2,4,56001,6.153158100001747
logreg,,"{""feature_set"": ""cardio_compact8"", ""folds"": 5, ""repeats"": 5, ""seed"": 20260830, ""source"": ""cardio_70000""}",0.7002572898799314,0.7443254817987152,0.7322869955156951,0.7131719327041445,0.7695711992383673,0.7864810482098672,0.7222913858393233,0.7159140727750987,0.44502063432719113,0.44459526393339144,0.18941416289090035,0.03536219393437228,0.7223055496035997,0.4804499282758183,14001,6996,5214,1791,2097,4899,3,0,55999,6.31462509999983
logreg,,"{""feature_set"": ""cardio_compact8"", ""folds"": 5, ""repeats"": 5, ""seed"": 20260830, ""source"": ""cardio_70000""}",0.6999714122355631,0.7498572244431754,0.736501729583396,0.7144606176030472,0.7740203736887931,0.7880160022093069,0.7249143183393693,0.7177720776841333,0.45039513521831215,0.4498413791284959,0.18906972995840557,0.03870169510535558,0.7249285714285715,0.47909961596400913,14000,6996,5252,1752,2099,4897,3,1,56000,6.049532199991518
logreg,,"{""feature_set"": ""cardio_compact8"", ""folds"": 5, ""repeats"": 5, ""seed"": 20260830, ""source"": ""cardio_70000""}",0.7115494568324757,0.7418617932609937,0.7335691128794577,0.720266149154422,0.77066429816586,0.7872191550103363,0.7267056250467347,0.7223915251777681,0.4536232065219753,0.45341902299354464,0.18912152618881883,0.039282700534418874,0.7267142857142858,0.47897534223306143,14000,6996,5196,1808,2018,4978,3,2,56000,6.266282800002955
logreg,,"{""feature_set"": ""cardio_compact8"", ""folds"": 5, ""repeats"": 5, ""seed"": 20260830, ""source"": ""cardio_70000""}",0.6963979416809606,0.7532838378069674,0.7381818181818182,0.712972972972973,0.772959023900134,0.7836906946745126,0.724840889743964,0.7166813768755516,0.4504176831686241,0.4496963166144201,0.19008604070896892,0.03471480197692069,0.7248571428571429,0.4773361808377042,14000,6996,5276,1728,2124,4872,3,3,56000,6.1052086999989115
logreg,,"{""feature_set"": ""cardio_compact8"", ""folds"": 5, ""repeats"": 5, ""seed"": 20260830, ""source"": ""cardio_70000""}",0.6916368834882058,0.7380068532267275,0.7250112393226434,0.7055692055692055,0.75588108162524,0.7756574003051049,0.7148218683574667,0.7079309335674568,0.4301118358051921,0.4296564440903061,0.19380210807154546,0.028329290281715346,0.7148367740552897,0.4805192312826265,13999,6995,5169,1835,2157,4838,3,4,56001,6.121345000006841
logreg,,"{""feature_set"": ""cardio_compact8"", ""folds"": 5, ""repeats"": 5, ""seed"": 20260830, ""source"": ""cardio_70000""}",0.7049742710120068,0.7438972162740899,0.7332738626226584,0.7162886597938144,0.7670837999573984,0.7844505925482451,0.7244357436430484,0.7188456493222563,0.44921687197296073,0.44888261615750724,0.19046111737499352,0.0408520611368651,0.7244482536961646,0.47630965190672436,14001,6996,5211,1794,2064,4932,4,0,55999,6.048940200009383
logreg,,"{""feature_set"": ""cardio_compact8"", ""folds"": 5, ""repeats"": 5, ""seed"": 20260830, ""source"": ""cardio_70000""}",0.6862492853058891,0.7477155910908052,0.7309683313032886,0.7046555435952637,0.7683869196112804,0.7805897957027904,0.7169824381983472,0.707903273370687,0.4347935843889596,0.4339800391328086,0.19164411403565107,0.028925518122082765,0.717,0.48303143518772224,14000,6996,5237,1767,2195,4801,4,1,56000,6.038557399995625
logreg,,"{""feature_set"": ""cardio_compact8"", ""folds"": 5, ""repeats"": 5, ""seed"": 20260830, ""source"": ""cardio_70000""}",0.7009719839908519,0.7515705311250714,0.7381095725466587,0.7156063077759652,0.7668284529491423,0.7846335215129866,0.7262712575579617,0.7190615835777125,0.45312881791962367,0.4525555191644754,0.19022245443563499,0.037428209440396425,0.7262857142857143,0.4838410735704225,14000,6996,5264,1740,2092,4904,4,2,56000,6.093172299995786
logreg,,"{""feature_set"": ""cardio_compact8"", ""folds"": 5, ""repeats"": 5, ""seed"": 20260830, ""source"": ""cardio_70000""}",0.7029731275014294,0.7485722444317533,0.7363377751160354,0.7161589946728589,0.7729578805228929,0.7883250023102049,0.7257726859665914,0.7192687385740403,0.4520208205524276,0.4515570571277827,0.18840342093397358,0.03212284465794743,0.7257857142857143,0.47823484097877617,14000,6996,5243,1761,2078,4918,4,3,56000,6.179845699996804
logreg,,"{""feature_set"": ""cardio_compact8"", ""folds"": 5, ""repeats"": 5, ""seed"": 20260830, ""source"": ""cardio_70000""}",0.7020729092208721,0.7422901199314678,0.7312388326384753,0.7138541809693808,0.7677638909526822,0.7832972397269976,0.7221815145761699,0.71635912770768,0.444727871603895,0.4443744167446075,0.19060028978660742,0.03683296146648004,0.7221944424601757,0.4784355073253823,13999,6995,5199,1805,2084,4911,4,4,56001,2.891729499999201
svm_rbf,,"{""feature_set"": ""cardio_compact8"", ""folds"": 5, ""repeats"": 5, ""seed"": 20260830, ""source"": ""cardio_70000""}",0.6710977701543739,0.785438972162741,0.7575024201355276,0.7051134179161861,0.7856126263732421,0.7952734488025991,0.7282683711585574,0.7116871305138699,0.4595662385863776,0.4565701976244949,0.1837902393965084,0.01158473644668387,0.7283051210627812,0.5356996620948254,14001,6996,5502,1503,2301,4695,0,0,55999,5.635196999995969
svm_rbf,,"{""feature_set"": ""cardio_compact8"", ""folds"": 5, ""repeats"": 5, ""seed"": 20260830, ""source"": ""cardio_70000""}",0.7109777015437393,0.7342946887492862,0.7277249451353328,0.717794836008374,0.7752902118481092,0.7880381858900198,0.7226361951465128,0.7192538500469958,0.44539606854201563,0.4452782425232666,0.1869078861576793,0.014402645785788445,0.7226428571428571,0.49320514652237135,14000,6996,5143,1861,2022,4974,0,1,56000,11.542677800011006
svm_rbf,,"{""feature_set"": ""cardio_compact8"", ""folds"": 5, ""repeats"": 5, ""seed"": 20260830, ""source"": ""cardio_70000""}",0.690251572327044,0.7662764134780126,0.7468295700587689,0.7123705866737456,0.7780649476428914,0.7935350040114298,0.7282639929025283,0.7174268310800772,0.45786212186034914,0.45654773848917174,0.18493762712241973,0.015270831438498805,0.7282857142857143,0.5148553447441357,14000,6996,5367,1637,2167,4829,0,2,56000,11.607836300012423
svm_rbf,,"{""feature_set"": ""cardio_compact8"", ""folds"": 5, ""repeats"": 5, ""seed"": 20260830, ""source"": ""cardio_70000""}",0.6991137793024585,0.7460022844089091,0.7332833583208396,0.7128240109140518,0.7722160554954174,0.7871973692889369,0.7225580318556839,0.7157910141958145,0.4456114408164007,0.445127909568176,0.18729255926703406,0.013970384065542353,0.7225714285714285,0.501258712141089,14000,6996,5225,1779,2105,4891,0,3,56000,12.38171849999344
svm_rbf,,"{""feature_set"": ""cardio_compact8"", ""folds"": 5, ""repeats"": 5, ""seed"": 20260830, ""source"": ""cardio_70000""}",0.6877769835596855,0.7575671045117076,0.7391304347826086,0.708411214953271,0.7720137691100817,0.7901930439830359,0.7226720440356966,0.7125296208530806,0.4464415167472579,0.4453639686950973,0.1862320556430821,0.012340340609148357,0.7226944781770126,0.5113383289619974,13999,6995,5306,1698,2184,4811,0,4,56001,10.778835299992352
svm_rbf,,"{""feature_set"": ""cardio_compact8"", ""folds"": 5, ""repeats"": 5, ""seed"": 20260830, ""source"": ""cardio_70000""}",0.6692395654659805,0.7745895788722341,0.7478038651972528,0.7010335917312661,0.7742637237243517,0.7888365698110759,0.7219145721691074,0.7063438183601116,0.4463262757843469,0.4438591005602693,0.18664057205580228,0.011141121269626578,0.721948432254839,0.532310801257509,14001,6996,5426,1579,2314,4682,1,0,55999,12.564878299992415
svm_rbf,,"{""feature_set"": ""cardio_compact8"", ""folds"": 5, ""repeats"": 5, ""seed"": 20260830, ""source"": ""cardio_70000""}",0.6972555746140652,0.7494288977727013,0.7354138398914518,0.7125016967558029,0.7759735472946186,0.7892828393576619,0.7233422361933832,0.715826546335021,0.44729958099814304,0.4466977092293295,0.18636982061373847,0.014392623667408462,0.7233571428571428,0.5065590162824684,14000,6996,5249,1755,2118,4878,1,1,56000,11.220387800000026
svm_rbf,,"{""feature_set"": ""cardio_compact8"", ""folds"": 5, ""repeats"": 5, ""seed"": 20260830, ""source"": ""cardio_70000""}",0.6903945111492281,0.7662764134780126,0.746868718107314,0.7124651533253684,0.7752883135848218,0.7897122068448023,0.7283354623136203,0.7175220976008319,0.4580004626414402,0.4566906462134229,0.18628113993422885,0.014147130159260462,0.7283571428571428,0.5118838866134653,14000,6996,5367,1637,2166,4830,1,2,56000,11.348738699991372
svm_rbf,,"{""feature_set"": ""cardio_compact8"", ""folds"": 5, ""repeats"": 5, ""seed"": 20260830, ""source"": ""cardio_70000""}",0.698399085191538,0.7634209023415192,0.7467522543175913,0.7170443878235215,0.780979080289935,0.7964244845467705,0.7309099937665287,0.7217667479134353,0.4628072595492453,0.4618370660848328,0.1834522337493259,0.01592535765208839,0.7309285714285715,0.5123064492564277,14000,6996,5347,1657,2110,4886,1,3,56000,11.177055800013477
svm_rbf,,"{""feature_set"": ""cardio_compact8"", ""folds"": 5, ""repeats"": 5, ""seed"": 20260830, ""source"": ""cardio_70000""}",0.6944960686204432,0.7548543689320388,0.7388593155893536,0.7121497844827587,0.7774757997478507,0.7896304225625794,0.7246752187762411,0.715991156963891,0.45017900490533186,0.44936777279297113,0.1864334548327698,0.010696868186200113,0.7246946210443603,0.5091857805948548,13999,6995,5287,1717,2137,4858,1,4,56001,11.458195299986983
svm_rbf,,"{""feature_set"": ""cardio_compact8"", ""folds"": 5, ""repeats"": 5, ""seed"": 20260830, ""source"": ""cardio_70000""}",0.6730989136649514,0.7614561027837259,0.7380877742946709,0.6999081485369374,0.7634533071339451,0.7843165708231766,0.7172775082243387,0.704096889952153,0.4362720773216447,0.43457959773576993,0.1887752279697294,0.011207426150636093,0.7173059067209485,0.5165636865988749,14001,6996,5334,1671,2287,4709,2,0,55999,10.812880099998438
svm_rbf,,"{""feature_set"": ""cardio_compact8"", ""folds"": 5, ""repeats"": 5, ""seed"": 20260830, ""source"": ""cardio_70000""}",0.6935391652372784,0.7539977155910909,0.7379467680608365,0.7112457912457912,0.7780303255159564,0.7901920131239226,0.7237684404141846,0.7150541596050402,0.4483639558253991,0.44755226201725357,0.18592295157666888,0.01209373493823077,0.7237857142857143,0.5048045767095753,14000,6996,5281,1723,2144,4852,2,1,56000,14.110839800006943
svm_rbf,,"{""feature_set"": ""cardio_compact8"", ""folds"": 5, ""repeats"": 5, ""seed"": 20260830, ""source"": ""cardio_70000""}",0.7192681532304174,0.7407195888063963,0.7348130841121495,0.7253914988814317,0.7820966179430697,0.7958990455996884,0.7299938710184068,0.7269575267263796,0.46009614974069374,0.4599932995086959,0.18355550647954982,0.019786298802957993,0.73,0.5006381249248549,14000,6996,5188,1816,1964,5032,2,2,56000,10.459527300001355
svm_rbf,,"{""feature_set"": ""cardio_compact8"", ""folds"": 5, ""repeats"": 5, ""seed"": 20260830, ""source"": ""cardio_70000""}",0.6975414522584333,0.7624214734437464,0.7457212713936431,0.7162017167381974,0.7834643872497494,0.7943858512280331,0.7299814628510899,0.7208271787296899,0.46094191507196935,0.4599798980272245,0.1843862197723474,0.012865115324978403,0.73,0.5070571778791381,14000,6996,5340,1664,2116,4880,2,3,56000,12.31483110001136
svm_rbf,,"{""feature_set"": ""cardio_compact8"", ""folds"": 5, ""repeats"": 5, ""seed"": 20260830, ""source"": ""cardio_70000""}",0.6899213724088634,0.7591376356367789,0.7409795793029326,0.7102591504141064,0.7751675108019835,0.7882124132885977,0.7245295040228212,0.7145395321291087,0.4501475495418244,0.4490788895084837,0.18680103989143482,0.01428628896622512,0.7245517536966927,0.5146949235066532,13999,6995,5317,1687,2169,4826,2,4,56001,13.911729500003275
svm_rbf,,"{""feature_set"": ""cardio_compact8"", ""folds"": 5, ""repeats"": 5, ""seed"": 20260830, ""source"": ""cardio_70000""}",0.6841052029731275,0.771163454675232,0.7491000156519017,0.7096689437729901,0.7761952425905827,0.7914264049733324,0.7276343288241798,0.7151288756070228,0.45701545742797933,0.4552940343529603,0.185545410659406,0.015969337291611783,0.7276623098350118,0.526085784209105,14001,6996,5402,1603,2210,4786,3,0,55999,11.668573499991908
svm_rbf,,"{""feature_set"": ""cardio_compact8"", ""folds"": 5, ""repeats"": 5, ""seed"": 20260830, ""source"": ""cardio_70000""}",0.6772441395082904,0.7789834380354084,0.753738466433344,0.7072854550168525,0.7760797190630349,0.7935889836208926,0.7281137887718494,0.7134467700647493,0.4586194793866911,0.45625402166297685,0.1846983424140813,0.013535396408608959,0.7281428571428571,0.5283709663775528,14000,6996,5456,1548,2258,4738,3,1,56000,11.21087300000363
svm_rbf,,"{""feature_set"": ""cardio_compact8"", ""folds"": 5, ""repeats"": 5, ""seed"": 20260830, ""source"": ""cardio_70000""}",0.7131217838765008,0.7430039977155911,0.7348652231551038,0.7216752184163084,0.7822633264863702,0.7957193618675468,0.728062890796046,0.7238302502720348,0.45633306448268596,0.45613348931969355,0.18391866264083975,0.015354220789551572,0.7280714285714286,0.4977754079745904,14000,6996,5204,1800,2007,4989,3,2,56000,11.375480599992443
svm_rbf,,"{""feature_set"": ""cardio_compact8"", ""folds"": 5, ""repeats"": 5, ""seed"": 20260830, ""source"": ""cardio_70000""}",0.6866781017724414,0.768275271273558,0.7474716041699082,0.7105506404331177,0.7779609197459885,0.7887574310228346,0.7274766865229997,0.715786336884452,0.4564852298949511,0.45497450615445123,0.18643044755625848,0.015659667332142725,0.7275,0.512465375121062,14000,6996,5381,1623,2192,4804,3,3,56000,12.433314599998994
svm_rbf,,"{""feature_set"": ""cardio_compact8"", ""folds"": 5, ""repeats"": 5, ""seed"": 20260830, ""source"": ""cardio_70000""}",0.6873481057898498,0.7511422044545973,0.7339337505724317,0.7063641245972073,0.7682765098997515,0.7843955705490868,0.7192451551222236,0.7098774545991436,0.4393931632184392,0.4385081932017612,0.18869196584688472,0.008879450998747302,0.7192656618329881,0.5128884896620144,13999,6995,5261,1743,2187,4808,3,4,56001,15.022969900004682
svm_rbf,,"{""feature_set"": ""cardio_compact8"", ""folds"": 5, ""repeats"": 5, ""seed"": 20260830, ""source"": ""cardio_70000""}",0.6939679817038308,0.7624553890078515,0.74474612670655,0.7138465650895482,0.7748311576184739,0.7904937521144947,0.7282116853558411,0.7184609692933778,0.4575067454948822,0.4564433628776638,0.18590396586966676,0.016522751169775612,0.728233697593029,0.5091148865447214,14001,6996,5341,1664,2141,4855,4,0,55999,11.961474399999133
svm_rbf,,"{""feature_set"": ""cardio_compact8"", ""folds"": 5, ""repeats"": 5, ""seed"": 20260830, ""source"": ""cardio_70000""}",0.7081189251000571,0.7281553398058253,0.7223680373286673,0.714085690282834,0.7737561222648126,0.7870282467847336,0.7181371324529412,0.715172513353544,0.4363639870327751,0.43627917972600183,0.18762876463478498,0.009294331361053065,0.7181428571428572,0.48357467596828946,14000,6996,5100,1904,2042,4954,4,1,56000,5.410922900002333
svm_rbf,,"{""feature_set"": ""cardio_compact8"", ""folds"": 5, ""repeats"": 5, ""seed"": 20260830, ""source"": ""cardio_70000""}",0.6843910806174958,0.7654197601370646,0.744518737365884,0.7082837891399129,0.7767074261105605,0.791755340165009,0.7249054203772802,0.7131898413644151,0.45130420465951954,0.4498315880958063,0.18546574609424377,0.012745326920266576,0.7249285714285715,0.5264824618163737,14000,6996,5361,1643,2208,4788,4,2,56000,12.426908000008552
svm_rbf,,"{""feature_set"": ""cardio_compact8"", ""folds"": 5, ""repeats"": 5, ""seed"": 20260830, ""source"": ""cardio_70000""}",0.692967409948542,0.7605653912050258,0.7429885057471264,0.7126421404682274,0.7866148921109848,0.7949829636679066,0.7267664005767839,0.7171067228755269,0.4545805135170883,0.45355023970317215,0.1840762554482812,0.008397730481364676,0.7267857142857143,0.5088473181281664,14000,6996,5327,1677,2148,4848,4,3,56000,11.341563000009046
svm_rbf,,"{""feature_set"": ""cardio_compact8"", ""folds"": 5, ""repeats"": 5, ""seed"": 20260830, ""source"": ""cardio_70000""}",0.7156540385989992,0.7362935465448315,0.7304830001459215,0.7216624685138538,0.7744151525916452,0.7899743391808377,0.7259737925719154,0.7229924898902368,0.4520465160738562,0.45195347983065354,0.18598203022005236,0.013970923689919087,0.7259804271733695,0.48900986164632554,13999,6995,5157,1847,1989,5006,4,4,56001,10.896768099992187
rf,,"{""feature_set"": ""cardio_compact8"", ""folds"": 5, ""repeats"": 5, ""seed"": 20260830, ""source"": ""cardio_70000""}",0.7236992567181246,0.6599571734475375,0.6800537273337811,0.7051555826723612,0.7412132532394702,0.7563428005561657,0.691828215082831,0.7011979779793645,0.3844320859963882,0.38364061311554387,0.20626927716714621,0.06930038266824479,0.6918077280194271,0.45649999999999996,14001,6996,4623,2382,1933,5063,0,0,55999,21.51741960000072
rf,,"{""feature_set"": ""cardio_compact8"", ""folds"": 5, ""repeats"": 5, ""seed"": 20260830, ""source"": ""cardio_70000""}",0.7425671812464265,0.613934894346088,0.6576781871122926,0.7048024913948533,0.7335964859376715,0.7460458966680479,0.6782510377962572,0.6975495132594831,0.35947894827093907,0.3564757982250936,0.21274559246255134,0.0835386053713152,0.6782142857142858,0.4270416666666667,14000,6996,4300,2704,1801,5195,0,1,56000,22.691139699993073
rf,,"{""feature_set"": ""cardio_compact8"", ""folds"": 5, ""repeats"": 5, ""seed"": 20260830, ""source"": ""cardio_70000""}",0.7259862778730704,0.6397772701313535,0.6681136543014996,0.7003751172241326,0.73045164784282,0.7490200915167646,0.682881774002212,0.6958487464036169,0.36712363104682694,0.3657454547947929,0.21087021659621308,0.07866113541666667,0.6828571428571428,0.4395416666666667,14000,6996,4481,2523,1917,5079,0,2,56000,22.28128840000136
rf,,"{""feature_set"": ""cardio_compact8"", ""folds"": 5, ""repeats"": 5, ""seed"": 20260830, ""source"": ""cardio_70000""}",0.7348484848484849,0.6413478012564249,0.6717627074349928,0.7077359382385379,0.7321206935469984,0.7477392033434134,0.6880981430524549,0.7018909140555669,0.3778438580739739,0.37617611077548274,0.2111268867531837,0.07996772193877551,0.6880714285714286,0.4362142857142856,14000,6996,4492,2512,1855,5141,0,3,56000,23.149834900003043
rf,,"{""feature_set"": ""cardio_compact8"", ""folds"": 5, ""repeats"": 5, ""seed"": 20260830, ""source"": ""cardio_70000""}",0.7273766976411723,0.6400628212450029,0.6686818241556052,0.701564945226917,0.7304928016855954,0.7460934811477072,0.6837197594430876,0.6967953985209532,0.3688404733906986,0.3674187979963893,0.21196449279386176,0.07946623334489877,0.6836916922637332,0.4437499999999999,13999,6995,4483,2521,1907,5088,0,4,56001,22.16962779998721
rf,,"{""feature_set"": ""cardio_compact8"", ""folds"": 5, ""repeats"": 5, ""seed"": 20260830, ""source"": ""cardio_70000""}",0.7392795883361921,0.6266952177016417,0.6641838962373187,0.7064692629546186,0.7334952287277519,0.7468800872855255,0.6829874030189169,0.6997226544003247,0.36830655443879834,0.3659482262993657,0.21188730277906848,0.0776429423833672,0.6829512177701593,0.42822916666666655,14001,6996,4390,2615,1824,5172,1,0,55999,21.514466799999354
rf,,"{""feature_set"": ""cardio_compact8"", ""folds"": 5, ""repeats"": 5, ""seed"": 20260830, ""source"": ""cardio_70000""}",0.7288450543167524,0.6280696744717305,0.6618639667705088,0.6986975857687421,0.7266334458644026,0.7447957125863551,0.6784573643942414,0.6937414965986395,0.35873350657012937,0.35689410175937636,0.21299722048892025,0.08575122534013604,0.6784285714285714,0.4355833333333334,14000,6996,4399,2605,1897,5099,1,1,56000,22.3417982999963
rf,,"{""feature_set"": ""cardio_compact8"", ""folds"": 5, ""repeats"": 5, ""seed"": 20260830, ""source"": ""cardio_70000""}",0.7086906803887936,0.6594802969731582,0.6752008715783739,0.693856091332432,0.7325633017442755,0.746851805094467,0.684085488680976,0.69154055373457,0.36861370394642823,0.36816054864749503,0.2113182061292213,0.07550037074829931,0.6840714285714286,0.4596964285714285,14000,6996,4619,2385,2038,4958,1,2,56000,21.509577700009686
rf,,"{""feature_set"": ""cardio_compact8"", ""folds"": 5, ""repeats"": 5, ""seed"": 20260830, ""source"": ""cardio_70000""}",0.7361349342481418,0.6402055968018275,0.6714471968709257,0.7083728278041074,0.737415757724496,0.7528860621668775,0.6881702655249846,0.7023046502113732,0.37807627509487346,0.3763198257727945,0.20802983419528717,0.07175644515306122,0.6881428571428572,0.4442916666666665,14000,6996,4484,2520,1846,5150,1,3,56000,21.855724600012763
rf,,"{""feature_set"": ""cardio_compact8"", ""folds"": 5, ""repeats"": 5, ""seed"": 20260830, ""source"": ""cardio_70000""}",0.7378127233738384,0.626070816676185,0.6633676092544987,0.7050972825213057,0.7348399759924832,0.7479385311936526,0.6819417700250117,0.6986125211505922,0.3661670509528793,0.3638573051500349,0.21146946458518381,0.07920487454035832,0.681905850417887,0.4288214285714286,13999,6995,4385,2619,1834,5161,1,4,56001,21.008477600000333
rf,,"{""feature_set"": ""cardio_compact8"", ""folds"": 5, ""repeats"": 5, ""seed"": 20260830, ""source"": ""cardio_70000""}",0.7344196683819325,0.6231263383297645,0.6605811262535356,0.7014301783705609,0.7247187290454916,0.7439493108940808,0.6787730033558486,0.6955462298632733,0.35977172811775715,0.3575203345715783,0.21335564392890297,0.08104561472649914,0.6787372330547818,0.43214880952380946,14001,6996,4365,2640,1858,5138,2,0,55999,20.76103249999869
rf,,"{""feature_set"": ""cardio_compact8"", ""folds"": 5, ""repeats"": 5, ""seed"": 20260830, ""source"": ""cardio_70000""}",0.715980560320183,0.6629069103369503,0.6796472184531887,0.7003016591251885,0.732699313710591,0.7498880509838534,0.6894437353285666,0.6973409438953083,0.3794178029622333,0.3788759033400623,0.20989150675819465,0.07546100085034015,0.6894285714285714,0.45724404761904763,14000,6996,4643,2361,1987,5009,2,1,56000,20.22853779999423
rf,,"{""feature_set"": ""cardio_compact8"", ""folds"": 5, ""repeats"": 5, ""seed"": 20260830, ""source"": ""cardio_70000""}",0.7335620354488279,0.6444888635065676,0.673314090789819,0.7077453747256193,0.7381335695613139,0.7532290112584527,0.6890254494776977,0.7021480366671228,0.37955220127615386,0.37803158076381743,0.20866169407448826,0.0782065531462585,0.689,0.4512142857142859,14000,6996,4514,2490,1864,5132,2,2,56000,20.531256900008884
rf,,"{""feature_set"": ""cardio_compact8"", ""folds"": 5, ""repeats"": 5, ""seed"": 20260830, ""source"": ""cardio_70000""}",0.7211263579188107,0.6509137635636779,0.6735647530040053,0.7003072196620583,0.7354652362524545,0.7492091936193286,0.6860200607412443,0.6965345851166642,0.3729549223828263,0.3720251189952403,0.210376228326318,0.07714897534013603,0.686,0.452047619047619,14000,6996,4559,2445,1951,5045,2,3,56000,20.28328240000701
rf,,"{""feature_set"": ""cardio_compact8"", ""folds"": 5, ""repeats"": 5, ""seed"": 20260830, ""source"": ""cardio_70000""}",0.7393852751965689,0.624785836664763,0.6630769230769231,0.7059203097273754,0.737760864285972,0.7474978558152617,0.682085555930666,0.6991551199729638,0.3665762301951616,0.3641441873444184,0.2115253240460332,0.08144054677374912,0.6820487177655546,0.42701785714285734,13999,6995,4376,2628,1823,5172,2,4,56001,20.158189200010384
rf,,"{""feature_set"": ""cardio_compact8"", ""folds"": 5, ""repeats"": 5, ""seed"": 20260830, ""source"": ""cardio_70000""}",0.7459977129788451,0.6262669521770164,0.665943600867679,0.7117131732641142,0.7363288629425833,0.7515625121156211,0.6861323325779307,0.7037012067686915,0.3749510268901991,0.37223591972330883,0.20906011993479195,0.07484864218882326,0.6860938504392543,0.42874404761904794,14001,6996,4387,2618,1777,5219,3,0,55999,20.462715100002242
rf,,"{""feature_set"": ""cardio_compact8"", ""folds"": 5, ""repeats"": 5, ""seed"": 20260830, ""source"": ""cardio_70000""}",0.7279874213836478,0.6486293546544831,0.67421233783426,0.7047781569965871,0.7379538286732958,0.7545909096623379,0.6883083880190655,0.7000687285223368,0.3778017711873378,0.3765996215354832,0.20753871399141813,0.0730190573979592,0.6882857142857143,0.44076190476190474,14000,6996,4543,2461,1903,5093,3,1,56000,20.325037399990833
rf,,"{""feature_set"": ""cardio_compact8"", ""folds"": 5, ""repeats"": 5, ""seed"": 20260830, ""source"": ""cardio_70000""}",0.7409948542024014,0.6273557966876071,0.6651270207852193,0.7080244924266839,0.7340156980611001,0.7511990105955954,0.6841753254450043,0.7010141987829615,0.3707433111631229,0.3683266570313729,0.2093619558808695,0.07729910693027213,0.6841428571428572,0.4431785714285714,14000,6996,4394,2610,1812,5184,3,2,56000,20.511108199993032
rf,,"{""feature_set"": ""cardio_compact8"", ""folds"": 5, ""repeats"": 5, ""seed"": 20260830, ""source"": ""cardio_70000""}",0.717409948542024,0.65434037692747,0.6745967741935484,0.6986280487804878,0.7361280571486343,0.7480542748748653,0.685875162734747,0.6953449709060682,0.3724868446185613,0.3717368519008296,0.2110642456662263,0.07888849574829933,0.6858571428571428,0.4483928571428572,14000,6996,4583,2421,1977,5019,3,3,56000,20.688930000003893
rf,,"{""feature_set"": ""cardio_compact8"", ""folds"": 5, ""repeats"": 5, ""seed"": 20260830, ""source"": ""cardio_70000""}",0.731951393852752,0.6263563677898344,0.6617552022747835,0.7005748961992974,0.7290155855140417,0.7425265415575865,0.6791538808212931,0.6950855281020907,0.3603133172115427,0.3582833436936355,0.21437193265659116,0.08477630247398621,0.679119937138367,0.43585416666666665,13999,6995,4387,2617,1875,5120,3,4,56001,21.938924100002623
rf,,"{""feature_set"": ""cardio_compact8"", ""folds"": 5, ""repeats"": 5, ""seed"": 20260830, ""source"": ""cardio_70000""}",0.7246998284734134,0.6472519628836545,0.6723246253812492,0.7018575851393188,0.7330613384069381,0.7481467129784369,0.685975895678534,0.6975304395679989,0.3730653340865013,0.37193317837336715,0.2109046044347995,0.07597889266412941,0.68595100349975,0.45242857142857146,14001,6996,4534,2471,1926,5070,4,0,55999,21.064507700008107
rf,,"{""feature_set"": ""cardio_compact8"", ""folds"": 5, ""repeats"": 5, ""seed"": 20260830, ""source"": ""cardio_70000""}",0.7074042309891366,0.6510565391205025,0.6694170160963073,0.690177084909944,0.7234008532178265,0.7375826796188342,0.6792303850548196,0.6878865800264091,0.35902698836380564,0.3584491534271594,0.2162837874771374,0.08393330031179139,0.6792142857142857,0.45794047619047634,14000,6996,4560,2444,2047,4949,4,1,56000,20.31816159999289
rf,,"{""feature_set"": ""cardio_compact8"", ""folds"": 5, ""repeats"": 5, ""seed"": 20260830, ""source"": ""cardio_70000""}",0.7239851343624929,0.6541976013706453,0.6765059436356351,0.7035160448334101,0.7384278858697727,0.7524463171253281,0.6890913678665691,0.6994407236069875,0.37910124668480133,0.37816757815423985,0.20863891621832037,0.0724684279336735,0.6890714285714286,0.4526696428571427,14000,6996,4582,2422,1931,5065,4,2,56000,20.318928799999412
rf,,"{""feature_set"": ""cardio_compact8"", ""folds"": 5, ""repeats"": 5, ""seed"": 20260830, ""source"": ""cardio_70000""}",0.7324185248713551,0.6373500856653341,0.668580375782881,0.7045454545454546,0.7339777215158876,0.7502574694718268,0.6848843052683447,0.6990450204638472,0.37144342750391623,0.3697484479208637,0.20934093480756752,0.07413830824829931,0.6848571428571428,0.43623809523809526,14000,6996,4464,2540,1872,5124,4,3,56000,21.471160900007817
rf,,"{""feature_set"": ""cardio_compact8"", ""folds"": 5, ""repeats"": 5, ""seed"": 20260830, ""source"": ""cardio_70000""}",0.7273766976411723,0.6387778412335808,0.66789183512733,0.7011440213132738,0.7393354331273545,0.7504136408930422,0.6830772694373766,0.6963662492301375,0.3675923745716971,0.3661335878014891,0.2102564055779859,0.07967117804332961,0.6830487891992285,0.4420952380952382,13999,6995,4474,2530,1907,5088,4,4,56001,21.4757968000049
xgboost,,"{""feature_set"": ""cardio_compact8"", ""folds"": 5, ""repeats"": 5, ""seed"": 20260830, ""source"": ""cardio_70000""}",0.6842481417953116,0.7744468236973591,0.7518454531176378,0.7106366256222164,0.7865307357655704,0.798574968300434,0.7293474827463353,0.7164558856544189,0.4605846297354657,0.45872145990412505,0.18206344772184127,0.006766313812553434,0.7293764731090636,0.5112188458442688,14001,6996,5425,1580,2209,4787,0,0,55999,8.78573519999918
xgboost,,"{""feature_set"": ""cardio_compact8"", ""folds"": 5, ""repeats"": 5, ""seed"": 20260830, ""source"": ""cardio_70000""}",0.7125500285877644,0.7377213021130783,0.7307241278217531,0.719838395096127,0.7784328997785401,0.791075084840844,0.7251356653504213,0.721522651613837,0.4504169032775778,0.4502777264845153,0.18545949992233735,0.007772720229279781,0.7251428571428571,0.47765305638313293,14000,6996,5167,1837,2011,4985,0,1,56000,6.73109359999944
xgboost,,"{""feature_set"": ""cardio_compact8"", ""folds"": 5, ""repeats"": 5, ""seed"": 20260830, ""source"": ""cardio_70000""}",0.7008290451686678,0.7581382067390063,0.743216613612248,0.7172767796839119,0.7795415863467129,0.7955906883561431,0.7294836259538371,0.7214007209593173,0.45972968932055963,0.45898220161855124,0.1837999577608757,0.010518001089271676,0.7295,0.49117183685302734,14000,6996,5310,1694,2093,4903,0,2,56000,6.89703589999408
xgboost,,"{""feature_set"": ""cardio_compact8"", ""folds"": 5, ""repeats"": 5, ""seed"": 20260830, ""source"": ""cardio_70000""}",0.7128359062321327,0.7378640776699029,0.730910156822512,0.7200780270307928,0.7759262175772714,0.78948514554617,0.7253499919510178,0.7217598957956438,0.4508440608488624,0.4507063489815321,0.18576880254552164,0.009210023158495985,0.7253571428571428,0.4790056645870209,14000,6996,5168,1836,2009,4987,0,3,56000,7.977907399996184
xgboost,,"{""feature_set"": ""cardio_compact8"", ""folds"": 5, ""repeats"": 5, ""seed"": 20260830, ""source"": ""cardio_70000""}",0.6902072909220872,0.7589948600799543,0.7409453652547575,0.7104102632633971,0.7737949662543856,0.7911211361301149,0.7246010755010208,0.714676929908963,0.45027760237128545,0.44922191501390224,0.18543051845176176,0.005720492610320018,0.7246231873705264,0.4991247355937958,13999,6995,5316,1688,2167,4828,0,4,56001,7.5833136000001105
xgboost,,"{""feature_set"": ""cardio_compact8"", ""folds"": 5, ""repeats"": 5, ""seed"": 20260830, ""source"": ""cardio_70000""}",0.684819897084048,0.7640256959314775,0.7434823091247672,0.7082175466454942,0.7769311317548998,0.7911837048518394,0.7244227965077628,0.7129464285714284,0.45027046275347704,0.4488683446514786,0.1853835348511625,0.012223952438616606,0.7244482536961646,0.507004976272583,14001,6996,5352,1653,2205,4791,1,0,55999,7.1794407999987016
xgboost,,"{""feature_set"": ""cardio_compact8"", ""folds"": 5, ""repeats"": 5, ""seed"": 20260830, ""source"": ""cardio_70000""}",0.7134076615208691,0.7367218732153056,0.7302121433796634,0.7201674808094906,0.7796004296600908,0.7917728911911481,0.7250647673680873,0.7217120960161956,0.4502545620989499,0.4501354508040312,0.18499102081277496,0.010470753134361343,0.7250714285714286,0.4766525328159332,14000,6996,5160,1844,2005,4991,1,1,56000,7.034069800007273
xgboost,,"{""feature_set"": ""cardio_compact8"", ""folds"": 5, ""repeats"": 5, ""seed"": 20260830, ""source"": ""cardio_70000""}",0.6979702687249857,0.7609937178754997,0.7447003202684155,0.7161090957947064,0.7776850579110125,0.7919025647028782,0.7294819933002428,0.720578469711503,0.459885775665406,0.45898043496593394,0.1849884727188741,0.010603142644012624,0.7295,0.49145713448524475,14000,6996,5330,1674,2113,4883,1,2,56000,7.028439300003811
xgboost,,"{""feature_set"": ""cardio_compact8"", ""folds"": 5, ""repeats"": 5, ""seed"": 20260830, ""source"": ""cardio_70000""}",0.7142652944539737,0.7527127355796688,0.7426066280279388,0.725072204648604,0.785546885529972,0.7993303834548191,0.7334890150168212,0.72816029143898,0.4673282999901947,0.46698820847383654,0.18177869918277495,0.009649984210330484,0.7335,0.48502373695373535,14000,6996,5272,1732,1999,4997,1,3,56000,7.622985800000606
xgboost,,"{""feature_set"": ""cardio_compact8"", ""folds"": 5, ""repeats"": 5, ""seed"": 20260830, ""source"": ""cardio_70000""}",0.6863473909935668,0.758280982295831,0.7392978133661842,0.7076615589606928,0.7761127401471487,0.7903689263237305,0.7223141866446989,0.7118392764474756,0.44579234924362443,0.44464883460441906,0.18567629900757987,0.0073089395190755815,0.7223373098078434,0.50372713804245,13999,6995,5311,1693,2194,4801,1,4,56001,3.35293229999661
xgboost,,"{""feature_set"": ""cardio_compact8"", ""folds"": 5, ""repeats"": 5, ""seed"": 20260830, ""source"": ""cardio_70000""}",0.7124070897655803,0.7304782298358315,0.7252619324796274,0.7177724786085005,0.7688677222213769,0.7858143166544848,0.721442659800706,0.7187770406691664,0.442959859072116,0.44289036241005314,0.18787293821715467,0.00826170890230245,0.7214484679665738,0.4683479368686676,14001,6996,5117,1888,2012,4984,2,0,55999,3.285848999992595
xgboost,,"{""feature_set"": ""cardio_compact8"", ""folds"": 5, ""repeats"": 5, ""seed"": 20260830, ""source"": ""cardio_70000""}",0.7015437392795884,0.75,0.7370476047454573,0.7155700858193706,0.7827919953798947,0.7932985243423752,0.7257718696397941,0.7188575613328451,0.45208039601572425,0.4515561616858068,0.18442780504764486,0.006471586986311833,0.7257857142857143,0.4837295711040497,14000,6996,5253,1751,2088,4908,2,1,56000,7.433921699994244
xgboost,,"{""feature_set"": ""cardio_compact8"", ""folds"": 5, ""repeats"": 5, ""seed"": 20260830, ""source"": ""cardio_70000""}",0.7161234991423671,0.7470017133066819,0.7387201415511648,0.7248545303408146,0.7840905125531904,0.7980484646688865,0.7315626062245244,0.7272463347365364,0.46334988767234114,0.463133303106945,0.1821486749269645,0.008803309552903687,0.7315714285714285,0.4946528673171997,14000,6996,5232,1772,1986,5010,2,2,56000,6.946238599994103
xgboost,,"{""feature_set"": ""cardio_compact8"", ""folds"": 5, ""repeats"": 5, ""seed"": 20260830, ""source"": ""cardio_70000""}",0.6965408805031447,0.7659908623643632,0.7483108108108109,0.7164797008547008,0.779499963974579,0.7950322187860306,0.7312658714337539,0.7214983713355049,0.46365975178888436,0.4625500183190972,0.183772709169447,0.009028680360476882,0.7312857142857143,0.4973497986793518,14000,6996,5365,1639,2123,4873,2,3,56000,6.168677299996489
xgboost,,"{""feature_set"": ""cardio_compact8"", ""folds"": 5, ""repeats"": 5, ""seed"": 20260830, ""source"": ""cardio_70000""}",0.6996426018584704,0.7535693889206168,0.739274924471299,0.7152730722320098,0.7779881283112791,0.7921273517144701,0.7266059953895436,0.7189129636430408,0.45387950217051276,0.45322760161920617,0.1847487475208414,0.005699996483287421,0.7266233302378742,0.4919631779193878,13999,6995,5278,1726,2101,4894,2,4,56001,7.716265299997758
xgboost,,"{""feature_set"": ""cardio_compact8"", ""folds"": 5, ""repeats"": 5, ""seed"": 20260830, ""source"": ""cardio_70000""}",0.7004002287021155,0.7514632405424697,0.7378406866435778,0.7152173913043478,0.7792115980025138,0.7930367368076956,0.7259317346222927,0.7186331304539121,0.45246037933816186,0.4518781992978017,0.1844583336820128,0.008534508983255836,0.72594814656096,0.49427488446235657,14001,6996,5264,1741,2096,4900,3,0,55999,7.795519499995862
xgboost,,"{""feature_set"": ""cardio_compact8"", ""folds"": 5, ""repeats"": 5, ""seed"": 20260830, ""source"": ""cardio_70000""}",0.7082618639222413,0.750856653340948,0.7395522388059701,0.7204109589041096,0.7814520061803611,0.7972288827686148,0.7295592586315947,0.7235689252336449,0.4595406634110707,0.4591296113374205,0.1827781286584749,0.008957707327724032,0.7295714285714285,0.48172178864479065,14000,6996,5259,1745,2041,4955,3,1,56000,6.515573999990011
xgboost,,"{""feature_set"": ""cardio_compact8"", ""folds"": 5, ""repeats"": 5, ""seed"": 20260830, ""source"": ""cardio_70000""}",0.7109777015437393,0.7488577955454027,0.7387494430417347,0.7217558827576717,0.7831502195842767,0.7972891174821608,0.7299177485445709,0.724597567193532,0.4601702895680764,0.45984536969091505,0.18262262241288924,0.0074304059838344,0.7299285714285715,0.49240097403526306,14000,6996,5245,1759,2022,4974,3,2,56000,6.215410399992834
xgboost,,"{""feature_set"": ""cardio_compact8"", ""folds"": 5, ""repeats"": 5, ""seed"": 20260830, ""source"": ""cardio_70000""}",0.692967409948542,0.759565962307253,0.7421922841396204,0.712372790573112,0.7800594342513198,0.7917568095532439,0.7262666861278975,0.7167356593731521,0.45354808584036616,0.4525505137665668,0.18490046627374218,0.0064923111214967855,0.7262857142857143,0.4945344626903534,14000,6996,5320,1684,2148,4848,3,3,56000,6.2045537999947555
xgboost,,"{""feature_set"": ""cardio_compact8"", ""folds"": 5, ""repeats"": 5, ""seed"": 20260830, ""source"": ""cardio_70000""}",0.7076483202287348,0.7381496287835523,0.7296580188679245,0.7165627165627165,0.7725186616291355,0.7862936383947251,0.7228989745061436,0.7184846505551926,0.4460092921248774,0.44580658889000313,0.1877504117942001,0.011230575674666475,0.7229087791985142,0.4801216125488281,13999,6995,5170,1834,2045,4950,3,4,56001,8.127106800006004
xgboost,,"{""feature_set"": ""cardio_compact8"", ""folds"": 5, ""repeats"": 5, ""seed"": 20260830, ""source"": ""cardio_70000""}",0.7216981132075472,0.7363311920057102,0.7321635730858469,0.7259676284306826,0.7784889508582187,0.7931368347937375,0.7290146526066287,0.7268931759285922,0.4580802505316408,0.45803351104434453,0.18442938544995224,0.009940075894071244,0.7290193557603029,0.4652809500694275,14001,6996,5158,1847,1947,5049,4,0,55999,5.304715000005672
xgboost,,"{""feature_set"": ""cardio_compact8"", ""folds"": 5, ""repeats"": 5, ""seed"": 20260830, ""source"": ""cardio_70000""}",0.7069754145225844,0.7361507709880069,0.7279952899617309,0.7155148487371634,0.7772636723490327,0.7901350539216503,0.7215630927552956,0.7173313995649021,0.44331812053751457,0.44313349269383623,0.18593275809690737,0.005198769370093924,0.7215714285714285,0.47242698073387146,14000,6996,5156,1848,2050,4946,4,1,56000,6.368560800008709
xgboost,,"{""feature_set"": ""cardio_compact8"", ""folds"": 5, ""repeats"": 5, ""seed"": 20260830, ""source"": ""cardio_70000""}",0.6963979416809606,0.758709308966305,0.7424565681194758,0.7144393654208121,0.7788422925010339,0.7936786775277315,0.7275536253236328,0.7186900722820475,0.4560007150711895,0.45512337502353134,0.18426641512134517,0.0038020769814029183,0.7275714285714285,0.503784716129303,14000,6996,5314,1690,2124,4872,4,2,56000,7.638097000002745
xgboost,,"{""feature_set"": ""cardio_compact8"", ""folds"": 5, ""repeats"": 5, ""seed"": 20260830, ""source"": ""cardio_70000""}",0.6923956546598056,0.7625642490005711,0.7444290763792838,0.7127986120379021,0.7881611066613085,0.797312413408135,0.7274799518301883,0.7174701918092276,0.45609238655467554,0.45497806564786647,0.18279648143952665,0.0066513949053229144,0.7275,0.500971257686615,14000,6996,5341,1663,2152,4844,4,3,56000,7.381449699998484
xgboost,,"{""feature_set"": ""cardio_compact8"", ""folds"": 5, ""repeats"": 5, ""seed"": 20260830, ""source"": ""cardio_70000""}",0.7150822015725519,0.7384351798972016,0.7319285923324553,0.7218422889043964,0.7781213878773483,0.7925286745162267,0.7267586907348768,0.7234073324173838,0.4536441136461042,0.4535240881081706,0.18457844543033733,0.0075622214494973205,0.7267661975855418,0.48093312978744507,13999,6995,5172,1832,1993,5002,4,4,56001,6.658308500002022
mlp,,"{""feature_set"": ""cardio_compact8"", ""folds"": 5, ""repeats"": 5, ""seed"": 20260830, ""source"": ""cardio_70000""}",0.6899656946826758,0.7675945753033547,0.7477924089852828,0.7125629472568248,0.7821247044075357,0.7960514808298736,0.7287801349930152,0.7177161549327188,0.45895568532447006,0.45758300115241357,0.1832989206001316,0.012672394005244036,0.7288050853510464,0.504187911801263,14001,6996,5377,1628,2169,4827,0,0,55999,5.245429499991587
mlp,,"{""feature_set"": ""cardio_compact8"", ""folds"": 5, ""repeats"": 5, ""seed"": 20260830, ""source"": ""cardio_70000""}",0.698256146369354,0.7452884066247858,0.7324936272304693,0.7120447415086618,0.7727929172063971,0.7867194915818748,0.7217722764970699,0.7149652396633736,0.4440411828323382,0.443556393238054,0.18730921620691782,0.011462952564880998,0.7217857142857143,0.49436431962092514,14000,6996,5220,1784,2111,4885,0,1,56000,12.614990399990347
mlp,,"{""feature_set"": ""cardio_compact8"", ""folds"": 5, ""repeats"": 5, ""seed"": 20260830, ""source"": ""cardio_70000""}",0.7072612921669525,0.7454311821816105,0.735106224929431,0.718255605998074,0.7756116992941435,0.7918070034471848,0.7263462371742815,0.7209149850659285,0.453027029014569,0.4527022675028537,0.18630098176613533,0.024538727094667326,0.7263571428571428,0.476925984908426,14000,6996,5221,1783,2048,4948,0,2,56000,8.308469600000535
mlp,,"{""feature_set"": ""cardio_compact8"", ""folds"": 5, ""repeats"": 5, ""seed"": 20260830, ""source"": ""cardio_70000""}",0.6935391652372784,0.749571673329526,0.7344838026036936,0.7100351636461997,0.7723032447507467,0.7858589198723004,0.7215554192834022,0.7134244963975885,0.44381434394782604,0.44312494622276,0.18829543277207295,0.021099846267248396,0.7215714285714285,0.5145483249578952,14000,6996,5250,1754,2144,4852,0,3,56000,9.340431000004173
mlp,,"{""feature_set"": ""cardio_compact8"", ""folds"": 5, ""repeats"": 5, ""seed"": 20260830, ""source"": ""cardio_70000""}",0.6990707648320229,0.7454311821816105,0.7328038363554623,0.7126672126672127,0.7708678907460751,0.7901480171240859,0.7222509735068168,0.7155399473222125,0.44498623420144673,0.44451509384346455,0.1860948347318185,0.010948382330035481,0.7222658761340096,0.48655424478079234,13999,6995,5221,1783,2105,4890,0,4,56001,10.39522130000114
mlp,,"{""feature_set"": ""cardio_compact8"", ""folds"": 5, ""repeats"": 5, ""seed"": 20260830, ""source"": ""cardio_70000""}",0.6909662664379645,0.7581727337615989,0.7405024509803921,0.710691823899371,0.7746613134689755,0.7903503337687815,0.7245695000997817,0.7148772552499261,0.450165464596368,0.44915830209052265,0.1859351247881677,0.007046838276972059,0.7245911006356689,0.5014053762386772,14001,6996,5311,1694,2162,4834,1,0,55999,11.570062899991171
mlp,,"{""feature_set"": ""cardio_compact8"", ""folds"": 5, ""repeats"": 5, ""seed"": 20260830, ""source"": ""cardio_70000""}",0.7035448827901658,0.7462878355225585,0.7347365278399761,0.7159293247500342,0.7789460370367596,0.7903832478802442,0.7249163591563621,0.7188024826579044,0.450249092748987,0.4498436247290649,0.1858204653346452,0.01302396617703006,0.7249285714285715,0.4926484167430784,14000,6996,5227,1777,2074,4922,1,1,56000,9.91500970000925
mlp,,"{""feature_set"": ""cardio_compact8"", ""folds"": 5, ""repeats"": 5, ""seed"": 20260830, ""source"": ""cardio_70000""}",0.6779588336192109,0.7721302113078241,0.7482252721249408,0.7059130661793499,0.7708241048717747,0.786863573261575,0.7250445224635176,0.7113610798650168,0.4521091582263392,0.4501131856992447,0.18829477806752923,0.025278894168695887,0.7250714285714286,0.4990090544412065,14000,6996,5408,1596,2253,4743,1,2,56000,8.302073400001973
mlp,,"{""feature_set"": ""cardio_compact8"", ""folds"": 5, ""repeats"": 5, ""seed"": 20260830, ""source"": ""cardio_70000""}",0.7112635791881075,0.7475728155339806,0.7378410438908659,0.7216097023153253,0.780505106270333,0.7972014848004848,0.7294181973610441,0.7243085880640465,0.4591434677109344,0.4588458338394664,0.1830775026410175,0.014117483832309534,0.7294285714285714,0.4995540545809377,14000,6996,5236,1768,2020,4976,1,3,56000,8.943815899998299
mlp,,"{""feature_set"": ""cardio_compact8"", ""folds"": 5, ""repeats"": 5, ""seed"": 20260830, ""source"": ""cardio_70000""}",0.6897784131522516,0.7539977155910909,0.7368662186927306,0.7087639243054623,0.7728315947821357,0.7888802538649414,0.7218880643716712,0.7125452263161782,0.44470216967210785,0.4437943495646551,0.18673197395628185,0.011413422383049673,0.7219087077648404,0.5025780073363002,13999,6995,5281,1723,2170,4825,1,4,56001,10.676962600002298
mlp,,"{""feature_set"": ""cardio_compact8"", ""folds"": 5, ""repeats"": 5, ""seed"": 20260830, ""source"": ""cardio_70000""}",0.6955403087478559,0.7433261955745896,0.7301920768307323,0.7096906092408342,0.765462653509245,0.7846680717726332,0.7194332521612228,0.7124450951683748,0.4393743014198669,0.43887988377464515,0.18893946986794483,0.020114301791597063,0.7194486108135133,0.4765905843642637,14001,6996,5207,1798,2130,4866,2,0,55999,13.67106039999635
mlp,,"{""feature_set"": ""cardio_compact8"", ""folds"": 5, ""repeats"": 5, ""seed"": 20260830, ""source"": ""cardio_70000""}",0.6695254431103488,0.7761279268989149,0.7492002559181062,0.701600413009809,0.7789658709983567,0.7880593185499816,0.7228266850046319,0.7071256038647344,0.448219630661304,0.4456804382830887,0.18800244547938552,0.02940600698328461,0.7228571428571429,0.49581660755924284,14000,6996,5436,1568,2312,4684,2,1,56000,11.661092100010137
mlp,,"{""feature_set"": ""cardio_compact8"", ""folds"": 5, ""repeats"": 5, ""seed"": 20260830, ""source"": ""cardio_70000""}",0.7071183533447685,0.7517133066818961,0.7399042775949746,0.7198523379819525,0.7814075965988796,0.7963551273812661,0.7294158300133322,0.72313989182868,0.45929390495999667,0.45884327157447136,0.1835586288584938,0.01909341283258607,0.7294285714285714,0.5172795631315423,14000,6996,5265,1739,2049,4947,2,2,56000,11.318390399988857
mlp,,"{""feature_set"": ""cardio_compact8"", ""folds"": 5, ""repeats"": 5, ""seed"": 20260830, ""source"": ""cardio_70000""}",0.6892510005717553,0.7677041690462593,0.7477128236935959,0.712091113759767,0.7782088949569808,0.7942339940355899,0.7284775848090073,0.7172926738564522,0.4583773404412923,0.45697557498300545,0.18439600251315433,0.009619677990884434,0.7285,0.523046802773064,14000,6996,5377,1627,2174,4822,2,3,56000,11.77507250000781
mlp,,"{""feature_set"": ""cardio_compact8"", ""folds"": 5, ""repeats"": 5, ""seed"": 20260830, ""source"": ""cardio_70000""}",0.6892065761258042,0.7585665334094803,0.7403255528255528,0.7096300253773207,0.7746528583241481,0.7900459004534935,0.7238865547676423,0.7138520767009698,0.4488630174169482,0.447792975198316,0.18581770820747595,0.010136274202772058,0.723908850632188,0.49337369729561553,13999,6995,5313,1691,2174,4821,2,4,56001,5.598433400009526
mlp,,"{""feature_set"": ""cardio_compact8"", ""folds"": 5, ""repeats"": 5, ""seed"": 20260830, ""source"": ""cardio_70000""}",0.7018296169239565,0.7530335474660956,0.7394578313253012,0.7166145904089118,0.7783878522073944,0.7927326066613368,0.7274315821950261,0.7201525374009973,0.45546739174287615,0.4548780339986358,0.18478203282284344,0.011906413320216056,0.7274480394257553,0.505007361705436,14001,6996,5275,1730,2086,4910,3,0,55999,6.6870804999925895
mlp,,"{""feature_set"": ""cardio_compact8"", ""folds"": 5, ""repeats"": 5, ""seed"": 20260830, ""source"": ""cardio_70000""}",0.6989708404802745,0.7577098800685322,0.742371337482921,0.7159044921084581,0.7790289630106494,0.7939801266057557,0.7283403602744034,0.7200176691452551,0.4574775798527105,0.4566959686069415,0.1847428505137458,0.013285986835961062,0.7283571428571428,0.5066877746464445,14000,6996,5307,1697,2106,4890,3,1,56000,4.882538100006059
mlp,,"{""feature_set"": ""cardio_compact8"", ""folds"": 5, ""repeats"": 5, ""seed"": 20260830, ""source"": ""cardio_70000""}",0.6861063464837049,0.7669902912621359,0.746268656716418,0.709830866807611,0.7800830003125983,0.7954226474849461,0.7265483188729205,0.7149240393208222,0.4545956011514163,0.45311749965222864,0.18379468013333866,0.01460311291391603,0.7265714285714285,0.5187707359346608,14000,6996,5372,1632,2196,4800,3,2,56000,5.712722700001905
mlp,,"{""feature_set"": ""cardio_compact8"", ""folds"": 5, ""repeats"": 5, ""seed"": 20260830, ""source"": ""cardio_70000""}",0.6973985134362493,0.7519988577955454,0.7374546553808948,0.7132990249187432,0.7769435438048637,0.788318308430468,0.7246986856158973,0.7168674698795181,0.4500750148583168,0.4494113121586832,0.18658184522539237,0.017907781514227623,0.7247142857142858,0.4955895562423724,14000,6996,5267,1737,2117,4879,3,3,56000,12.210822799999733
mlp,,"{""feature_set"": ""cardio_compact8"", ""folds"": 5, ""repeats"": 5, ""seed"": 20260830, ""source"": ""cardio_70000""}",0.7147962830593281,0.7241576242147344,0.7212925562608193,0.7177019951889062,0.769068246521839,0.784084505576105,0.7194769536370312,0.7180297264306742,0.43897422889149373,0.4389564473145502,0.1887880316068235,0.010184827543668475,0.7194799628544896,0.47875174902572465,13999,6995,5072,1932,1995,5000,3,4,56001,15.932665599990287
mlp,,"{""feature_set"": ""cardio_compact8"", ""folds"": 5, ""repeats"": 5, ""seed"": 20260830, ""source"": ""cardio_70000""}",0.6932532875929103,0.7607423269093505,0.7431811216671774,0.7129096989966556,0.7749005098932567,0.7913806053749894,0.7269978072511304,0.717349504511167,0.45504201168256675,0.4540152084900142,0.18540770518942243,0.014148387517925087,0.7270194986072424,0.49001937470553475,14001,6996,5329,1676,2146,4850,4,0,55999,7.00617210000928
mlp,,"{""feature_set"": ""cardio_compact8"", ""folds"": 5, ""repeats"": 5, ""seed"": 20260830, ""source"": ""cardio_70000""}",0.6859634076615209,0.7480011422044546,0.7311090798293723,0.7045454545454546,0.7758939651579366,0.7874138795637158,0.7169822749329877,0.7078171091445428,0.4348087210567917,0.43397985430338576,0.18745734925629567,0.012555807151923611,0.717,0.5058784044273056,14000,6996,5239,1765,2197,4799,4,1,56000,12.946354899992002
mlp,,"{""feature_set"": ""cardio_compact8"", ""folds"": 5, ""repeats"": 5, ""seed"": 20260830, ""source"": ""cardio_70000""}",0.7082618639222413,0.7452884066247858,0.7352722955928179,0.7189092411513566,0.7732994420766282,0.7918886871473264,0.7267751352735136,0.7215143793228977,0.4538657938948306,0.453559786049319,0.18532003489852863,0.009547698851220754,0.7267857142857143,0.4986546445957475,14000,6996,5220,1784,2041,4955,4,2,56000,14.528818800012232
mlp,,"{""feature_set"": ""cardio_compact8"", ""folds"": 5, ""repeats"": 5, ""seed"": 20260830, ""source"": ""cardio_70000""}",0.6998284734133791,0.7568532267275843,0.7419305955447795,0.7162545601945683,0.7786452512371895,0.7932220243173957,0.7283408500704817,0.7202648032364839,0.4574328102600396,0.456696500840558,0.1856676511392395,0.023666899981386103,0.7283571428571428,0.488618184137515,14000,6996,5301,1703,2100,4896,4,3,56000,10.952799799997592
mlp,,"{""feature_set"": ""cardio_compact8"", ""folds"": 5, ""repeats"": 5, ""seed"": 20260830, ""source"": ""cardio_70000""}",0.7156540385989992,0.7345802398629354,0.7292061179898034,0.7211942809083264,0.7789940679316649,0.7913303497766415,0.7251171392309673,0.7223665223665223,0.4503173310198787,0.45023965454230197,0.1854039789868138,0.012367536379685002,0.7251232230873634,0.4954618881656437,13999,6995,5145,1859,1989,5006,4,4,56001,15.37012190000678
